object_type,x,y,z,orient_x,orient_y,orient_z,orient_w,held_fixed
spray_gun,-0.2428672041179812,-0.00420037186030627,0.01598988390824748,1.0704596342547107e-06,-9.146568247882057e-07,-0.49001830310758704,0.8717121443559097,0
hammer,0.0004323314930942713,0.14221257162986325,0.01599018313507524,-1.4608472374823013e-07,-9.784851013248808e-07,0.992894151810186,0.11900085419925603,0
snack,-0.05534265416387748,-0.06640204042440992,0.01599008347375778,-4.2037367583098357e-07,4.57469721609429e-07,-0.5573342155085912,0.8302882464680789,0
snack,0.15848210965732787,0.07748787161679876,0.015989792983134635,-3.341169960792805e-07,1.9770084150699014e-06,0.9487251123339642,-0.31610229550398217,0
