object_type,COM_x,COM_y,COM_z,x,y,z,orient_x,orient_y,orient_z,orient_w,held_fixed
bin,0.0,0.0,0.0,0.0,0.0,0.4000000000000001,-0.7071067811865475,0.0,0.0,0.7071067811865476,1
pudding_box,0.0,0.0,0.015,-0.010629508112592586,-0.016799798117804098,0.01733288394289207,0.0021780067140879716,-0.003257055742736329,-0.2505951538508208,0.9680840442550045,0
