object_type,COM_x,COM_y,COM_z,x,y,z,orient_x,orient_y,orient_z,orient_w,held_fixed
bin,0.0,0.0,0.0,0.0,0.0,0.4000000000000001,-0.7071067811865475,0.0,0.0,0.7071067811865476,1
cracker_box,-0.01,-0.01,0.08,-0.008722701646198656,0.09159973986370445,0.08734436269835828,0.5019597372014214,0.49241985087545775,0.5056564044593331,0.4998706966023627,0
cracker_box,-0.01,-0.01,0.08,-0.008922704927166021,-0.0874749455229101,0.08732565998410108,0.5050959995546238,0.491716218983424,0.5091511436464196,0.4938201131445578,0
cracker_box,-0.01,-0.01,0.08,-0.12953124239690494,-4.794505101570187e-05,0.08732380709354887,0.7045053067637234,-0.004833510576753018,0.013172568209305164,0.7095599998337193,0
cracker_box,-0.01,-0.01,0.08,0.16873022423276554,-0.00040652934240045915,0.08732878419446494,0.7042020427173605,-0.008384605341584547,0.00817591730568413,0.7099030467621429,0
master_chef_can,-0.015,-0.01,0.06,-0.039141614114627694,-0.0005961972452608533,0.0621413512029052,0.00020059594853487602,0.0008131612134933762,-0.002879988381784481,0.9999955020883979,0
pudding_box,0.0,0.0,0.015,0.05811581110234449,-0.015077127741035859,0.017332206439756824,0.0022413779015550165,-0.003234725719521903,-0.2459092330074494,0.9692848713852444,0
