object_type,COM_x,COM_y,COM_z,x,y,z,orient_x,orient_y,orient_z,orient_w,held_fixed
bin,0.0,0.0,0.0,0.0,0.0,0.4000000000000001,-0.7071067811865475,0.0,0.0,0.7071067811865476,1
cracker_box,-0.01,-0.01,0.08,0.00041919965710391694,-0.0011043513849985308,0.033972492262359696,0.00488276538021861,0.7125874184610406,0.0013885094709497948,0.7015649661255333,0
cracker_box,-0.01,-0.01,0.08,-0.00043860673878331954,-0.12210410731350586,0.08732678628293035,0.5037973652946621,0.492219504318615,0.5081629845004966,0.495659717421178,0
cracker_box,-0.01,-0.01,0.08,-0.0004642559234054403,0.11792518941688074,0.08732721380177264,0.5037907872243782,0.49219229338817744,0.5080821447270473,0.4957762834653261,0
