object_type,COM_x,COM_y,COM_z,x,y,z,orient_x,orient_y,orient_z,orient_w,held_fixed
bin,0.0,0.0,0.0,0.0,0.0,0.4000000000000001,-0.7071067811865475,0.0,0.0,0.7071067811865476,1
master_chef_can,0.02,-0.02,0.06,0.15472877292340353,-0.010700343170995127,0.062081679315066744,0.0001889469537507046,0.0008111896989118392,-0.0027023429201923277,0.9999960017985385,0
master_chef_can,0.02,-0.02,0.06,-0.08527122707658177,-0.010700343171018332,0.062081679315066834,0.0001889469537510042,0.0008111896989155726,-0.0027023429202150716,0.9999960017985385,0
master_chef_can,0.02,-0.02,0.06,-0.02246729477200226,-0.10802474217671225,0.062082093824776384,0.00020906399370227606,0.000787261687222676,-0.03218328224889937,0.9994816520852047,0
master_chef_can,0.02,-0.02,0.06,0.09246311361447099,-0.10836647892687745,0.06208069675851411,0.00020320682764605517,0.0008247059144678664,-0.006771230283040577,0.9999767142326834,0
master_chef_can,0.02,-0.02,0.06,-0.0211367509351663,0.09143936707759197,0.0620812664181946,0.00021103745157004497,0.0008122571022240923,-0.02438668893824799,0.9997022482240515,0
master_chef_can,0.02,-0.02,0.06,0.09040060635344066,0.0913624617382701,0.06208241359525174,0.00018883479283174836,0.000798530533356326,-0.009503103199246568,0.9999545078252274,0
pudding_box,0.03,0.02,0.015,0.02513176327271011,-0.008910225491673253,0.01765883672758857,0.0034274762992383056,-0.0038715639787830977,-0.2521421792197497,0.9676763843645726,0
