object_type,COM_x,COM_y,COM_z,x,y,z,orient_x,orient_y,orient_z,orient_w,held_fixed
bin,0.0,0.0,0.0,0.0,0.0,0.4000000000000001,-0.7071067811865475,0.0,0.0,0.7071067811865476,1
cracker_box,-0.02,-0.04,0.16,0.09361339237810057,-0.030181763585676598,0.1651889546133286,-0.00028987618508657096,-0.0013037430591155595,0.012226301410482277,0.9999243640294266,0
cracker_box,-0.02,-0.04,0.16,-0.11532162437934186,-0.02991852948893412,0.165168082204502,-0.00034524761292949895,-0.0022562079373287277,0.0036891582629925822,0.9999905901762975,0
cracker_box,-0.02,-0.04,0.16,0.026683340728502293,-0.15825993714425227,0.16517102288999175,-0.00033931382351822664,-0.0021892953627794228,0.010634481277196479,0.9999409980893416,0
cracker_box,-0.02,-0.04,0.16,-0.053547007263306905,-0.16399801473777859,0.16517108055835972,-0.0004579190188493928,-0.002174420836251069,-0.04294313828151873,0.999075046770128,0
cracker_box,-0.02,-0.04,0.16,-0.04870519314505005,0.10206962866222286,0.1651714466134266,-0.0003125892996119867,-0.0021634175054519346,0.02323292229511151,0.999727689540635,0
cracker_box,-0.02,-0.04,0.16,0.02849640599710619,0.11380499185213971,0.16517300782557987,-0.0005335087609613426,-0.0020548237862523283,-0.07971269007506833,0.9968156199160432,0
pudding_box,0.03,0.02,0.015,0.025436567863110174,-0.0100977811783365,0.017602504871037507,0.0024108321252082235,-0.0030352995886660894,-0.1771578806611942,0.9841748117913327,0
