object_type,COM_x,COM_y,COM_z,x,y,z,orient_x,orient_y,orient_z,orient_w,held_fixed
bin,0.0,0.0,0.0,0.0,0.0,0.4000000000000001,-0.7071067811865475,0.0,0.0,0.7071067811865476,1
master_chef_can,-0.015,-0.01,0.06,0.1197833798791726,-0.0005113374190892345,0.062142233190633236,0.0001889469537507046,0.0008111896989118392,-0.0027023429201923277,0.9999960017985385,0
master_chef_can,-0.015,-0.01,0.06,-0.12021662012081223,-0.0005113374191108495,0.06214223319063359,0.0001889469537510042,0.0008111896989155726,-0.0027023429202150716,0.9999960017985385,0
master_chef_can,-0.015,-0.01,0.06,-0.05675141263739838,-0.09579380783734283,0.06214131694240108,0.00020906399370227606,0.000787261687222676,-0.03218328224889937,0.9994816520852047,0
master_chef_can,-0.015,-0.01,0.06,0.05760179549734079,-0.09789343339225741,0.06214247350191204,0.00020320682764605517,0.0008247059144678664,-0.006771230283040577,0.9999767142326834,0
master_chef_can,-0.015,-0.01,0.06,-0.05560748302653881,0.10313401991882311,0.06214229106817874,0.00021103745157004497,0.0008122571022240923,-0.02438668893824799,0.9997022482240515,0
master_chef_can,-0.015,-0.01,0.06,0.055597029050395895,0.10202583125213491,0.062142058559546215,0.00018883479283174836,0.000798530533356326,-0.009503103199246568,0.9999545078252274,0
pudding_box,0.0,0.0,0.015,-0.010811947179906047,-0.011726410324637624,0.017314189248164264,0.0034274762992383056,-0.0038715639787830977,-0.2521421792197497,0.9676763843645726,0
