object_type,COM_x,COM_y,COM_z,x,y,z,orient_x,orient_y,orient_z,orient_w,held_fixed
bin,0.0,0.0,0.0,0.0,0.0,0.4000000000000001,-0.7071067811865475,0.0,0.0,0.7071067811865476,1
cracker_box,-0.01,-0.01,0.08,0.14900391902596874,0.05065976352105377,0.04051481978428829,-0.005605807511718233,-0.7108962143631447,0.002017338930798938,0.7032716954847036,0
hammer,-0.06,0.06,0.015,-0.050093072703101774,0.04993839582915059,0.017618222274612395,0.0014679754702980744,-0.0021289666998234066,3.578705850424879e-05,0.9999966556284556,0
master_chef_can,-0.015,-0.01,0.06,0.1498609334870634,-0.10032873827034333,0.06214213438301456,0.0001946924799039094,0.0008174085736806496,-0.002676035944079238,0.9999960663771073,0
pudding_box,0.0,0.0,0.015,-0.15154914169607128,-0.0508537352932081,0.017332928393016023,0.0029394179337678015,-0.002566729029716326,0.011559783718738326,0.999925568792335,0
