object_type,COM_x,COM_y,COM_z,x,y,z,orient_x,orient_y,orient_z,orient_w,held_fixed
cracker_box,-0.01,-0.01,0.08,0.023549573513274264,-0.029563377173228576,0.034010466287786666,0.177141301284416,0.6902234820332332,-0.16908412963217956,0.6808987159157454,0
