object_type,COM_x,COM_y,COM_z,x,y,z,orient_x,orient_y,orient_z,orient_w,held_fixed
bin,0.0,0.0,0.0,0.0,0.0,0.4000000000000001,-0.7071067811865475,0.0,0.0,0.7071067811865476,1
cracker_box,-0.01,-0.01,0.08,0.0007190936037827166,-0.0011507385114687266,0.03401634532394615,0.005238099207373351,0.7125543817286177,0.00015340221225428597,0.7015973146070347,0
cracker_box,-0.01,-0.01,0.08,-0.0004257734740304551,-0.1216785833645597,0.08733373789779547,0.5036918874700465,0.49171800696765566,0.5067006019823145,0.4977573546130472,0
cracker_box,-0.01,-0.01,0.08,-0.000672558623305441,-0.19450457703513702,0.08733060742414057,0.5034661049086534,0.49476003909383964,0.5147781416304479,0.48655713932021744,0
cracker_box,-0.01,-0.01,0.08,-0.0009136781678548687,0.1174914274293066,0.08733091406726415,0.5070918280902047,0.49104269290935837,0.5111864651001664,0.49032983747968684,0
cracker_box,-0.01,-0.01,0.08,-0.0009973449553827575,0.19063967336228438,0.08735399247332175,0.5014892845193665,0.49065164872461525,0.500267296547952,0.5074466367222018,0
