object_type,COM_x,COM_y,COM_z,x,y,z,orient_x,orient_y,orient_z,orient_w,held_fixed
cracker_box,-0.01,-0.01,0.08,-0.2484865215695435,-0.000508310543132825,0.03401633285660728,-0.3873566686415873,0.5980925534824615,0.38581883764577607,0.5859897040438364,0
cracker_box,-0.014660778866624615,-0.05937394697178083,0.14130491628326422,0.024324278718069088,0.13165227915360764,0.03629203885621677,-0.43324426745137223,0.5668453901780892,0.4527415999855547,0.5347997307374917,0
cracker_box,-0.004253754037045532,0.018007282848150036,0.12889979930629666,-0.03299629828074914,-0.09349382089260687,0.04523924494809065,-0.28983584176441063,-0.6495951718517996,-0.2805964618704522,0.644427593389149,0
cracker_box,-0.018148778923856683,-0.0763323441633523,0.05179585917052443,0.0996317897899885,0.027863782291049456,0.030335990697715788,0.698022165856685,0.07849403703107859,0.7112430522768006,-0.02714889889639256,0
