object_type,COM_x,COM_y,COM_z,x,y,z,orient_x,orient_y,orient_z,orient_w,held_fixed
bin,0.0,0.0,0.0,0.0,0.0,0.4000000000000001,-0.7071067811865475,0.0,0.0,0.7071067811865476,1
cracker_box,-0.01,-0.01,0.08,-0.008208874159815372,0.08886421639468606,0.0873254859909815,0.5044121878009915,0.4923515873433431,0.5096470266793565,0.4933742670987199,0
cracker_box,-0.01,-0.01,0.08,-0.009003910983685607,-0.08655839347554022,0.0873258151648265,0.5057732279318421,0.4909936232497895,0.5083994383904311,0.4946197679831884,0
cracker_box,-0.01,-0.01,0.08,-0.126425266903867,-0.0003767004133147418,0.0873243096192309,0.7044819160527598,-0.0042002056428714,0.013665297794092852,0.7095779364265695,0
cracker_box,-0.01,-0.01,0.08,0.1687275993011583,-0.00040744049355801023,0.08732862426719586,0.7042059356821775,-0.008396621941764347,0.00818557593525005,0.7098989317054677,0
pudding_box,0.0,0.0,0.015,0.05811540539542539,-0.015077540216074107,0.017332795529476846,0.0022600170671190412,-0.0032399710220027073,-0.2458853105158432,0.9692908794490745,0
