object_type,COM_x,COM_y,COM_z,x,y,z,orient_x,orient_y,orient_z,orient_w,held_fixed
bin,0.0,0.0,0.0,0.0,0.0,0.4000000000000001,-0.7071067811865475,0.0,0.0,0.7071067811865476,1
cracker_box,-0.01,-0.01,0.08,-0.009914917562949576,0.08314973313035835,0.08733193493886604,0.5062017133230026,0.4919606213145466,0.5120958553002021,0.48937961490954696,0
cracker_box,-0.01,-0.01,0.08,-0.010066043311138338,-0.0800595460635996,0.08732795123386573,0.5086474754906073,0.48713832021814324,0.5030444006728242,0.5009194881453477,0
cracker_box,-0.01,-0.01,0.08,-0.011049121052070243,0.16200158021755362,0.08734597284599536,0.5196061461319594,0.4735640926824355,0.48654981560525973,0.5186673114417777,0
cracker_box,-0.01,-0.01,0.08,-0.010652523715760918,-0.1573786860775808,0.08732340495433234,0.4924720718563439,0.5040405315812222,0.5205828954498802,0.48208697340817863,0
pudding_box,0.0,0.0,0.015,-0.010629508112592586,-0.016799798117804098,0.01733288394289207,0.0021780067140879716,-0.003257055742736329,-0.2505951538508208,0.9680840442550045,0
