object_type,COM_x,COM_y,COM_z,x,y,z,orient_x,orient_y,orient_z,orient_w,held_fixed
cracker_box,-0.01,-0.01,0.08,-0.09891940178870326,-0.1421345643878567,0.03401635106349648,0.031025490460431022,0.7118974810296794,-0.0252421914327548,0.7011435139947878,0
cracker_box,-0.01,-0.01,0.08,0.1261671456951192,-0.009059550041700143,0.034015530764698224,-0.010618469856310129,0.712491406237464,0.015760034099704952,0.7014234565944084,0
cracker_box,-0.01,-0.01,0.08,-0.09249061393642077,0.0276440637036045,0.034016338203149414,0.010734570286525243,0.7124918543873914,-0.005281452764496531,0.7015783867032082,0
cracker_box,-0.01,-0.01,0.08,0.11435506067920075,-0.2005594718707407,0.03401539007381821,0.017348514934617806,0.7123589028080399,-0.011773615735772966,0.7015021059071705,0
