object_type,COM_x,COM_y,COM_z,x,y,z,orient_x,orient_y,orient_z,orient_w,held_fixed
bin,0.0,0.0,0.0,0.0,0.0,0.4000000000000001,-0.7071067811865475,0.0,0.0,0.7071067811865476,1
cracker_box,-0.02,-0.04,0.16,0.0806446078580472,-0.03179640860802709,0.042546003905875256,0.005238099207373351,0.7125543817286177,0.00015340221225428597,0.7015973146070347,0
cracker_box,-0.02,-0.04,0.16,0.0798136012192998,-0.13129929376631316,0.05785349569748537,0.5036918874700465,0.49171800696765566,0.5067006019823145,0.4977573546130472,0
cracker_box,-0.02,-0.04,0.16,0.07958994623898355,-0.20183111547947002,0.05725982180662227,0.5034661049086534,0.49476003909383964,0.5147781416304479,0.48655713932021744,0
cracker_box,-0.02,-0.04,0.16,0.07923240483436032,0.10898511657840895,0.057260196498341194,0.5070918280902047,0.49104269290935837,0.5111864651001664,0.49032983747968684,0
cracker_box,-0.02,-0.04,0.16,0.07926824279202624,0.17930336325565174,0.05856296094040776,0.5014892845193665,0.49065164872461525,0.500267296547952,0.5074466367222018,0
