object_type,COM_x,COM_y,COM_z,x,y,z,orient_x,orient_y,orient_z,orient_w,held_fixed
bin,0.0,0.0,0.0,0.0,0.0,0.4000000000000001,-0.7071067811865475,0.0,0.0,0.7071067811865476,1
cracker_box,-0.02,-0.04,0.16,0.07026179637955336,0.07493885316652091,0.057260752860312715,0.5062017133230026,0.4919606213145466,0.5120958553002021,0.48937961490954696,0
cracker_box,-0.02,-0.04,0.16,0.0699755837417215,-0.09090659566803101,0.05773606968486815,0.5086474754906073,0.48713832021814324,0.5030444006728242,0.5009194881453477,0
cracker_box,-0.02,-0.04,0.16,0.06829803099621173,0.14618193833346124,0.058126657445290164,0.5196061461319594,0.4735640926824355,0.48654981560525973,0.5186673114417777,0
cracker_box,-0.02,-0.04,0.16,0.06991139114019448,-0.16255352946997154,0.05761353085586809,0.4924720718563439,0.5040405315812222,0.5205828954498802,0.48208697340817863,0
pudding_box,0.03,0.02,0.015,0.02530558255952302,-0.013868160945667635,0.01760631012630892,0.0021780067140879716,-0.003257055742736329,-0.2505951538508208,0.9680840442550045,0
