object_type,COM_x,COM_y,COM_z,x,y,z,orient_x,orient_y,orient_z,orient_w,held_fixed
cracker_box,-0.01,-0.01,0.08,0.09028852402545884,0.23165197726728518,0.033952855865655836,0.0006369555999844814,0.7127155730009817,0.005492980240655862,0.7014313462182324,0
cracker_box,-0.01,-0.01,0.08,-0.05091048553014864,-0.2105511912786756,0.03401547931681055,0.7101530985912317,-0.058644548873628286,-0.6996374348000997,-0.05244857743559244,0
cracker_box,-0.01,-0.01,0.08,0.02568244915806348,0.01928775795878672,0.03401635022363972,0.565885505498432,0.4330510122788765,-0.5539422017574025,0.43056759346609647,0
cracker_box,-0.01,-0.01,0.08,-0.14300710785328744,0.1395393066019791,0.03401638362573597,0.7088460389484988,0.07277712285311422,-0.6973704210548887,0.07691085290109141,0
