object_type,COM_x,COM_y,COM_z,x,y,z,orient_x,orient_y,orient_z,orient_w,held_fixed
cracker_box,-0.01,-0.01,0.08,0.02568244915806348,0.01928775795878672,0.03401635022363972,0.565885505498432,0.4330510122788765,-0.5539422017574025,0.43056759346609647,0
