object_type,COM_x,COM_y,COM_z,x,y,z,orient_x,orient_y,orient_z,orient_w,held_fixed
bin,0.0,0.0,0.0,0.0,0.0,0.4000000000000001,-0.7071067811865475,0.0,0.0,0.7071067811865476,1
cracker_box,-0.01,-0.01,0.08,0.10308601898001975,9.951228881118585e-06,0.08519689437097061,-0.00028987618508657096,-0.0013037430591155595,0.012226301410482277,0.9999243640294266,0
cracker_box,-0.01,-0.01,0.08,-0.10518210540171331,0.00010053747900217544,0.0851927999400619,-0.00034524761292949895,-0.0022562079373287277,0.0036891582629925822,0.9999905901762975,0
cracker_box,-0.01,-0.01,0.08,0.0363938403051875,-0.12810459953544276,0.08519376479952008,-0.00033931382351822664,-0.0021892953627794228,0.010634481277196479,0.9999409980893416,0
cracker_box,-0.01,-0.01,0.08,-0.040665280053164096,-0.13505486205743672,0.08519386494662509,-0.0004579190188493928,-0.002174420836251069,-0.04294313828151873,0.999075046770128,0
cracker_box,-0.01,-0.01,0.08,-0.03976242277455263,0.1324598234517702,0.08519355642648853,-0.0003125892996119867,-0.0021634175054519346,0.02323292229511151,0.999727689540635,0
cracker_box,-0.01,-0.01,0.08,0.043457756826688516,0.14172327596691903,0.08519346423197953,-0.0005335087609613426,-0.0020548237862523283,-0.07971269007506833,0.9968156199160432,0
pudding_box,0.0,0.0,0.015,-0.009653664723825254,-0.018380453619370015,0.017332478521733582,0.0024108321252082235,-0.0030352995886660894,-0.1771578806611942,0.9841748117913327,0
